t,p,v,a
0,0.0,0.0,0.0
0.001,6.342592592592595e-08,5.708333333333334e-05,0.015222222222222224
0.002,5.074074074074076e-07,0.00022833333333333337,0.030444444444444448
0.003,1.7125000000000003e-06,0.0005137500000000001,0.04566666666666667
0.004,4.059259259259261e-06,0.0009133333333333335,0.060888888888888895
0.005,7.928240740740742e-06,0.0014270833333333336,0.07611111111111112
0.006,1.3700000000000003e-05,0.0020550000000000004,0.09133333333333334
0.007,2.1755092592592594e-05,0.0027970833333333333,0.10655555555555556
0.008,3.2474074074074085e-05,0.003653333333333334,0.12177777777777779
0.009000000000000001,4.623750000000001e-05,0.004623750000000001,0.137
0.010000000000000002,6.342592592592596e-05,0.005708333333333335,0.15222222222222223
0.011000000000000003,8.441990740740749e-05,0.006907083333333338,0.1674444444444445
0.012000000000000004,0.0001096000000000001,0.008220000000000005,0.18266666666666673
0.013000000000000005,0.00013934675925925943,0.00964708333333334,0.19788888888888898
0.014000000000000005,0.00017404074074074097,0.011188333333333344,0.2131111111111112
0.015000000000000006,0.00021406250000000028,0.012843750000000011,0.22833333333333344
0.016000000000000007,0.00025979259259259295,0.014613333333333346,0.24355555555555566
0.017000000000000008,0.0003116115740740745,0.01649708333333335,0.2587777777777779
0.01800000000000001,0.0003699000000000006,0.01849500000000002,0.27400000000000013
0.01900000000000001,0.00043503842592592664,0.020607083333333356,0.2892222222222224
0.02000000000000001,0.0005074074074074083,0.022833333333333358,0.30444444444444463
0.02100000000000001,0.000587387500000001,0.025173750000000026,0.3196666666666668
0.022000000000000013,0.0006753592592592604,0.027628333333333366,0.33488888888888907
0.023000000000000013,0.000771703240740742,0.030197083333333367,0.3501111111111113
0.024000000000000014,0.0008768000000000016,0.03288000000000004,0.36533333333333357
0.025000000000000015,0.0009910300925925948,0.03567708333333338,0.3805555555555558
0.026000000000000016,0.001114774074074076,0.038588333333333384,0.39577777777777806
0.027000000000000017,0.0012484125000000025,0.041613750000000053,0.4110000000000003
0.028000000000000018,0.0013923259259259286,0.044753333333333395,0.42622222222222256
0.02900000000000002,0.0015468949074074105,0.0480070833333334,0.44144444444444475
0.03000000000000002,0.0017125000000000033,0.05137500000000007,0.456666666666667
0.03100000000000002,0.0018895217592592632,0.05485708333333341,0.47188888888888925
0.03200000000000002,0.002078340740740746,0.05845333333333341,0.48711111111111144
0.03300000000000002,0.0022793375000000047,0.06216375000000009,0.5023333333333337
0.03400000000000002,0.002492892592592598,0.06598833333333343,0.5175555555555559
0.035000000000000024,0.00271938657407408,0.06992708333333343,0.5327777777777781
0.036000000000000025,0.0029592000000000064,0.0739800000000001,0.5480000000000004
0.037000000000000026,0.003212713425925933,0.07814708333333345,0.5632222222222226
0.03800000000000003,0.0034803074074074153,0.08242833333333345,0.5784444444444449
0.03900000000000003,0.003762362500000008,0.08682375000000013,0.5936666666666671
0.04000000000000003,0.004059259259259268,0.09133333333333346,0.6088888888888894
0.04100000000000003,0.004371378240740751,0.09595708333333347,0.6241111111111116
0.04200000000000003,0.00469910000000001,0.10069500000000015,0.6393333333333338
0.04300000000000003,0.005042805092592603,0.10554708333333349,0.654555555555556
0.04400000000000003,0.005402874074074086,0.11051333333333349,0.6697777777777782
0.04500000000000003,0.005779687500000013,0.11559375000000018,0.6850000000000005
0.046000000000000034,0.0061736259259259395,0.12078833333333351,0.7002222222222227
0.047000000000000035,0.006585069907407422,0.12609708333333353,0.715444444444445
0.048000000000000036,0.007014400000000015,0.1315200000000002,0.7306666666666672
0.04900000000000004,0.0074619967592592755,0.13705708333333352,0.7458888888888894
0.05000000000000004,0.007928240740740758,0.14270833333333355,0.7611111111111116
0.05100000000000004,0.008413512500000019,0.1484737500000002,0.7763333333333339
0.05200000000000004,0.008918192592592612,0.15435333333333356,0.7915555555555561
0.05300000000000004,0.009442661574074095,0.16034708333333358,0.8067777777777784
0.05400000000000004,0.009987300000000025,0.16645500000000027,0.8220000000000007
0.05500000000000004,0.010552488425925951,0.17267708333333362,0.837222222222223
0.05600000000000004,0.011138607407407434,0.17901333333333364,0.8524444444444452
0.057000000000000044,0.011746037500000028,0.18546375000000032,0.8676666666666674
0.058000000000000045,0.01237515925925929,0.19202833333333363,0.8828888888888896
0.059000000000000045,0.013026353240740772,0.19870708333333365,0.8981111111111119
0.060000000000000046,0.013700000000000035,0.20550000000000032,0.9133333333333341
0.06100000000000005,0.014396480092592626,0.2124070833333337,0.9285555555555564
0.06200000000000005,0.015116174074074113,0.2194283333333337,0.9437777777777786
0.06300000000000004,0.015859462500000036,0.2265637500000003,0.9590000000000007
0.06400000000000004,0.016626725925925966,0.23381333333333365,0.9742222222222229
0.06500000000000004,0.01741834490740744,0.24117708333333368,0.9894444444444451
0.06600000000000004,0.018234698172518556,0.2486496350364967,1.0000000000000002
0.06700000000000005,0.01907603028930688,0.2561496350364967,1.0000000000000002
0.06800000000000005,0.0199423624060952,0.2636496350364967,1.0000000000000002
0.06900000000000005,0.020833694522883524,0.2711496350364967,1.0000000000000002
0.07000000000000005,0.02175002663967185,0.27864963503649676,1.0000000000000002
0.07100000000000005,0.022691358756460174,0.2861496350364967,1.0000000000000002
0.07200000000000005,0.023657690873248496,0.29364963503649677,1.0000000000000002
0.07300000000000005,0.02464902299003682,0.3011496350364967,1.0000000000000002
0.07400000000000005,0.025665355106825143,0.3086496350364968,1.0000000000000002
0.07500000000000005,0.026706687223613468,0.31614963503649673,1.0000000000000002
0.07600000000000005,0.027773019340401793,0.3236496350364968,1.0000000000000002
0.07700000000000005,0.028864351457190112,0.33114963503649675,1.0000000000000002
0.07800000000000006,0.029980683573978435,0.3386496350364968,1.0000000000000002
0.07900000000000006,0.031122015690766763,0.34614963503649676,1.0000000000000002
0.08000000000000006,0.03228834780755509,0.3536496350364968,1.0000000000000002
0.08100000000000006,0.03347967992434341,0.3611496350364968,1.0000000000000002
0.08200000000000006,0.034696012041131735,0.36864963503649684,1.0000000000000002
0.08300000000000006,0.035937344157920055,0.3761496350364968,1.0000000000000002
0.08400000000000006,0.03720367627470838,0.38364963503649685,1.0000000000000002
0.08500000000000006,0.0384950083914967,0.3911496350364968,1.0000000000000002
0.08600000000000006,0.039811340508285026,0.39864963503649686,1.0000000000000002
0.08700000000000006,0.041152672625073355,0.4061496350364968,1.0000000000000002
0.08800000000000006,0.04251900474186168,0.4136496350364969,1.0000000000000002
0.08900000000000007,0.04391033685865,0.4211496350364968,1.0000000000000002
0.09000000000000007,0.04532666897543832,0.4286496350364969,1.0000000000000002
0.09100000000000007,0.04676800109222665,0.4361496350364969,1.0000000000000002
0.09200000000000007,0.048234333209014976,0.4436496350364969,1.0000000000000002
0.09300000000000007,0.049725665325803296,0.4511496350364969,1.0000000000000002
0.09400000000000007,0.05124199744259162,0.4586496350364969,1.0000000000000002
0.09500000000000007,0.05278332955937995,0.4661496350364969,1.0000000000000002
0.09600000000000007,0.054349661676168275,0.47364963503649693,1.0000000000000002
0.09700000000000007,0.05594099379295659,0.48114963503649694,1.0000000000000002
0.09800000000000007,0.057557325909744925,0.48864963503649694,1.0000000000000002
0.09900000000000007,0.05919865802653325,0.49614963503649695,1.0000000000000002
0.10000000000000007,0.06086499014332157,0.503649635036497,1.0000000000000002
0.10100000000000008,0.0625563222601099,0.5111496350364969,1.0000000000000002
0.10200000000000008,0.06427265437689822,0.518649635036497,1.0000000000000002
0.10300000000000008,0.06601398649368655,0.5261496350364969,1.0000000000000002
0.10400000000000008,0.06778031861047487,0.533649635036497,1.0000000000000002
0.10500000000000008,0.06957165072726319,0.541149635036497,1.0000000000000002
0.10600000000000008,0.07138798284405153,0.548649635036497,1.0000000000000002
0.10700000000000008,0.07322931496083983,0.5561496350364971,1.0000000000000002
0.10800000000000008,0.07509564707762817,0.563649635036497,1.0000000000000002
0.10900000000000008,0.07698697919441651,0.5711496350364971,1.0000000000000002
0.11000000000000008,0.07890331131120482,0.578649635036497,1.0000000000000002
0.11100000000000008,0.08084464342799315,0.5861496350364971,1.0000000000000002
0.11200000000000009,0.08281097554478146,0.593649635036497,1.0000000000000002
0.11300000000000009,0.0848023076615698,0.6011496350364971,1.0000000000000002
0.11400000000000009,0.08681863977835812,0.608649635036497,1.0000000000000002
0.11500000000000009,0.08885997189514644,0.6161496350364971,1.0000000000000002
0.11600000000000009,0.09092630401193477,0.6236496350364971,1.0000000000000002
0.11700000000000009,0.0930176361287231,0.6311496350364971,1.0000000000000002
0.11800000000000009,0.09513396824551142,0.6386496350364971,1.0000000000000002
0.11900000000000009,0.09727530036229974,0.6461496350364971,1.0000000000000002
0.12000000000000009,0.09944163247908808,0.6536496350364971,1.0000000000000002
0.1210000000000001,0.1016329645958764,0.6611496350364972,1.0000000000000002
0.1220000000000001,0.10384929671266473,0.6686496350364971,1.0000000000000002
0.1230000000000001,0.10609062882945305,0.6761496350364972,1.0000000000000002
0.1240000000000001,0.10835696094624139,0.6836496350364971,1.0000000000000002
0.12500000000000008,0.11064829306302967,0.6911496350364971,1.0000000000000002
0.12600000000000008,0.11296462517981799,0.698649635036497,1.0000000000000002
0.12700000000000009,0.11530595729660634,0.7061496350364971,1.0000000000000002
0.12800000000000009,0.11767228941339465,0.713649635036497,1.0000000000000002
0.1290000000000001,0.12006362153018298,0.7211496350364971,1.0000000000000002
0.1300000000000001,0.1224799536469713,0.728649635036497,1.0000000000000002
0.1310000000000001,0.12492128576375962,0.7361496350364971,1.0000000000000002
0.1320000000000001,0.12738761788054795,0.7436496350364971,1.0000000000000002
0.1330000000000001,0.12987894999733626,0.7511496350364971,1.0000000000000002
0.1340000000000001,0.13239526332125762,0.7586242646661266,0.989851851851851
0.1350000000000001,0.13493632059236693,0.7659910702216822,0.9746296296296287
0.1360000000000001,0.137501743604217,0.773243709110571,0.9594074074074065
0.1370000000000001,0.14009115180125223,0.7803821813327932,0.9441851851851842
0.1380000000000001,0.1427041646279171,0.7874064868883488,0.928962962962962
0.1390000000000001,0.14534040152865604,0.7943166257772377,0.9137407407407399
0.1400000000000001,0.1479994819479135,0.80111259799946,0.8985185185185176
0.1410000000000001,0.15068102533013394,0.8077944035550155,0.8832962962962954
0.1420000000000001,0.15338465111976177,0.8143620424439044,0.8680740740740731
0.1430000000000001,0.15610997876124144,0.8208155146661267,0.8528518518518509
0.1440000000000001,0.15885662769901743,0.8271548202216822,0.8376296296296286
0.1450000000000001,0.16162421737753416,0.8333799591105711,0.8224074074074064
0.1460000000000001,0.16441236724123606,0.8394909313327933,0.8071851851851842
0.1470000000000001,0.1672206967345676,0.8454877368883489,0.791962962962962
0.1480000000000001,0.1700488253019732,0.8513703757772377,0.7767407407407397
0.1490000000000001,0.17289637238789732,0.8571388479994599,0.7615185185185174
0.1500000000000001,0.1757629574367844,0.8627931535550155,0.7462962962962952
0.1510000000000001,0.17864819989307892,0.8683332924439043,0.7310740740740729
0.1520000000000001,0.1815517192012253,0.8737592646661266,0.7158518518518507
0.1530000000000001,0.18447313480566793,0.8790710702216822,0.7006296296296284
0.1540000000000001,0.1874120661508513,0.884268709110571,0.6854074074074064
0.1550000000000001,0.19036813268121988,0.8893521813327933,0.670185185185184
0.1560000000000001,0.1933409538412181,0.8943214868883488,0.6549629629629619
0.1570000000000001,0.19633014907529037,0.8991766257772377,0.6397407407407395
0.1580000000000001,0.19933533782788115,0.9039175979994599,0.6245185185185174
0.1590000000000001,0.2023561395434349,0.9085444035550154,0.609296296296295
0.16000000000000011,0.20539217366639606,0.9130570424439044,0.5940740740740729
0.16100000000000012,0.20844305964120913,0.9174555146661265,0.5788518518518505
0.16200000000000012,0.2115084169123184,0.9217398202216821,0.5636296296296285
0.16300000000000012,0.21458786492416848,0.9259099591105711,0.5484074074074061
0.16400000000000012,0.2176810231212037,0.9299659313327933,0.5331851851851839
0.16500000000000012,0.22078751094786853,0.9339077368883487,0.5179629629629616
0.16600000000000012,0.22390694784860748,0.9377353757772376,0.5027407407407394
0.16700000000000012,0.227038953267865,0.9414488479994598,0.4875185185185172
0.16800000000000012,0.23018314665008544,0.9450481535550154,0.47229629629629494
0.16900000000000012,0.23333914743971323,0.9485332924439043,0.4570740740740727
0.17000000000000012,0.23650657508119288,0.9519042646661264,0.44185185185185044
0.17100000000000012,0.2396850490189689,0.9551610702216821,0.42662962962962825
0.17200000000000013,0.24287418869748562,0.958303709110571,0.411407407407406
0.17300000000000013,0.2460736135611875,0.9613321813327931,0.39618518518518375
0.17400000000000013,0.24928294305451904,0.9642464868883487,0.3809629629629615
0.17500000000000013,0.2525017966219247,0.9670466257772375,0.3657407407407393
0.17600000000000013,0.2557297937078488,0.9697325979994598,0.35051851851851706
0.17700000000000013,0.2589665537567359,0.9723044035550152,0.3352962962962948
0.17800000000000013,0.26221169621303037,0.9747620424439042,0.32007407407407257
0.17900000000000013,0.26546484052117675,0.9771055146661265,0.3048518518518504
0.18000000000000013,0.26872560612561935,0.979334820221682,0.2896296296296281
0.18100000000000013,0.2719936124708028,0.9814499591105709,0.2744074074074059
0.18200000000000013,0.27526847900117135,0.983450931332793,0.2591851851851837
0.18300000000000013,0.27854982516116955,0.9853377368883487,0.24396296296296144
0.18400000000000014,0.2818372703952418,0.9871103757772375,0.2287407407407392
0.18500000000000014,0.2851304341478326,0.9887688479994596,0.21351851851851697
0.18600000000000014,0.28842893586338636,0.9903131535550153,0.19829629629629472
0.18700000000000014,0.29173239498634757,0.9917432924439041,0.1830740740740725
0.18800000000000014,0.2950404309611606,0.9930592646661264,0.16785185185185025
0.18900000000000014,0.29835266323226983,0.9942610702216819,0.15262962962962803
0.19000000000000014,0.3016687112441199,0.9953487091105708,0.13740740740740578
0.19100000000000014,0.30498819444115516,0.9963221813327929,0.12218518518518344
0.19200000000000014,0.30831073226782,0.9971814868883484,0.1069629629629612
0.19300000000000014,0.311635944168559,0.9979266257772373,0.09174074074073897
0.19400000000000014,0.3149634495878164,0.9985575979994596,0.07651851851851674
0.19500000000000015,0.31829286797003686,0.9990744035550151,0.06129629629629451
0.19600000000000015,0.32162381875966467,0.999477042443904,0.046074074074072276
0.19700000000000015,0.3249559214011444,0.9997655146661262,0.03085185185185004
0.19800000000000015,0.3282887953389204,0.9999398202216818,0.01562962962962781
0.19900000000000015,0.3316220600174371,0.9999999591105706,0.0004074074074055763
0.20000000000000015,0.33495539334955443,1.0000000000000002,0.0
0.20100000000000015,0.3382887266828878,1.0000000000000002,0.0
0.20200000000000015,0.34162206001622114,1.0000000000000002,0.0
0.20300000000000015,0.34495539334955444,1.0000000000000002,0.0
0.20400000000000015,0.3482887266828878,1.0000000000000002,0.0
0.20500000000000015,0.35162206001622115,1.0000000000000002,0.0
0.20600000000000016,0.35495539334955445,1.0000000000000002,0.0
0.20700000000000016,0.3582887266828878,1.0000000000000002,0.0
0.20800000000000016,0.36162206001622116,1.0000000000000002,0.0
0.20900000000000016,0.36495539334955446,1.0000000000000002,0.0
0.21000000000000016,0.3682887266828878,1.0000000000000002,0.0
0.21100000000000016,0.37162206001622117,1.0000000000000002,0.0
0.21200000000000016,0.37495539334955447,1.0000000000000002,0.0
0.21300000000000016,0.3782887266828878,1.0000000000000002,0.0
0.21400000000000016,0.3816220600162212,1.0000000000000002,0.0
0.21500000000000016,0.3849553933495545,1.0000000000000002,0.0
0.21600000000000016,0.38828872668288783,1.0000000000000002,0.0
0.21700000000000016,0.3916220600162212,1.0000000000000002,0.0
0.21800000000000017,0.3949553933495545,1.0000000000000002,0.0
0.21900000000000017,0.39828872668288784,1.0000000000000002,0.0
0.22000000000000017,0.4016220600162212,1.0000000000000002,0.0
0.22100000000000017,0.4049553933495545,1.0000000000000002,0.0
0.22200000000000017,0.40828872668288785,1.0000000000000002,0.0
0.22300000000000017,0.4116220600162212,1.0000000000000002,0.0
0.22400000000000017,0.4149553933495545,1.0000000000000002,0.0
0.22500000000000017,0.41828872668288786,1.0000000000000002,0.0
0.22600000000000017,0.4216220600162212,1.0000000000000002,0.0
0.22700000000000017,0.4249553933495545,1.0000000000000002,0.0
0.22800000000000017,0.42828872668288787,1.0000000000000002,0.0
0.22900000000000018,0.4316220600162212,1.0000000000000002,0.0
0.23000000000000018,0.4349553933495545,1.0000000000000002,0.0
0.23100000000000018,0.4382887266828879,1.0000000000000002,0.0
0.23200000000000018,0.44162206001622123,1.0000000000000002,0.0
0.23300000000000018,0.44495539334955453,1.0000000000000002,0.0
0.23400000000000018,0.4482887266828879,1.0000000000000002,0.0
0.23500000000000018,0.45162206001622124,1.0000000000000002,0.0
0.23600000000000018,0.45495539334955454,1.0000000000000002,0.0
0.23700000000000018,0.4582887266828879,1.0000000000000002,0.0
0.23800000000000018,0.46162206001622125,1.0000000000000002,0.0
0.23900000000000018,0.46495539334955455,1.0000000000000002,0.0
0.24000000000000019,0.4682887266828879,1.0000000000000002,0.0
0.2410000000000002,0.47162206001622126,1.0000000000000002,0.0
0.2420000000000002,0.47495539334955456,1.0000000000000002,0.0
0.2430000000000002,0.4782887266828879,1.0000000000000002,0.0
0.2440000000000002,0.48162206001622127,1.0000000000000002,0.0
0.2450000000000002,0.48495539334955456,1.0000000000000002,0.0
0.2460000000000002,0.48828872668288803,1.0000000000000002,0.0
0.2470000000000002,0.49162206001622133,1.0000000000000002,0.0
0.2480000000000002,0.4949553933495547,1.0000000000000002,0.0
0.2490000000000002,0.49828872668288804,1.0000000000000002,0.0
0.25000000000000017,0.5016220600162212,1.0000000000000002,0.0
0.25100000000000017,0.5049553933495545,1.0000000000000002,0.0
0.25200000000000017,0.5082887266828878,1.0000000000000002,0.0
0.25300000000000017,0.5116220600162212,1.0000000000000002,0.0
0.25400000000000017,0.5149553933495545,1.0000000000000002,0.0
0.25500000000000017,0.5182887266828878,1.0000000000000002,0.0
0.25600000000000017,0.5216220600162212,1.0000000000000002,0.0
0.2570000000000002,0.5249553933495545,1.0000000000000002,0.0
0.2580000000000002,0.5282887266828878,1.0000000000000002,0.0
0.2590000000000002,0.5316220600162213,1.0000000000000002,0.0
0.2600000000000002,0.5349553933495546,1.0000000000000002,0.0
0.2610000000000002,0.5382887266828879,1.0000000000000002,0.0
0.2620000000000002,0.5416220600162213,1.0000000000000002,0.0
0.2630000000000002,0.5449553933495546,1.0000000000000002,0.0
0.2640000000000002,0.5482887266828879,1.0000000000000002,0.0
0.2650000000000002,0.5516220600162213,1.0000000000000002,0.0
0.2660000000000002,0.5549553933495546,1.0000000000000002,0.0
0.2670000000000002,0.5582887266828879,1.0000000000000002,0.0
0.2680000000000002,0.5616220600162213,1.0000000000000002,0.0
0.2690000000000002,0.5649553933495546,1.0000000000000002,0.0
0.2700000000000002,0.5682887266828879,1.0000000000000002,0.0
0.2710000000000002,0.5716220600162213,1.0000000000000002,0.0
0.2720000000000002,0.5749553933495546,1.0000000000000002,0.0
0.2730000000000002,0.5782887266828879,1.0000000000000002,0.0
0.2740000000000002,0.5816220600162213,1.0000000000000002,0.0
0.2750000000000002,0.5849553933495546,1.0000000000000002,0.0
0.2760000000000002,0.5882887266828879,1.0000000000000002,0.0
0.2770000000000002,0.5916220600162213,1.0000000000000002,0.0
0.2780000000000002,0.5949553933495546,1.0000000000000002,0.0
0.2790000000000002,0.5982887266828879,1.0000000000000002,0.0
0.2800000000000002,0.6016220600162213,1.0000000000000002,0.0
0.2810000000000002,0.6049553933495546,1.0000000000000002,0.0
0.2820000000000002,0.6082887266828879,1.0000000000000002,0.0
0.2830000000000002,0.6116220600162213,1.0000000000000002,0.0
0.2840000000000002,0.6149553933495546,1.0000000000000002,0.0
0.2850000000000002,0.6182887266828879,1.0000000000000002,0.0
0.2860000000000002,0.6216220600162213,1.0000000000000002,0.0
0.2870000000000002,0.6249553933495546,1.0000000000000002,0.0
0.2880000000000002,0.6282887266828879,1.0000000000000002,0.0
0.2890000000000002,0.6316220600162213,1.0000000000000002,0.0
0.2900000000000002,0.6349553933495546,1.0000000000000002,0.0
0.2910000000000002,0.6382887266828879,1.0000000000000002,0.0
0.2920000000000002,0.6416220600162214,1.0000000000000002,0.0
0.2930000000000002,0.6449553933495548,1.0000000000000002,0.0
0.2940000000000002,0.6482887266828881,1.0000000000000002,0.0
0.2950000000000002,0.6516220600162214,1.0000000000000002,0.0
0.2960000000000002,0.6549553933495548,1.0000000000000002,0.0
0.2970000000000002,0.6582887266828881,1.0000000000000002,0.0
0.2980000000000002,0.6616220600162214,1.0000000000000002,0.0
0.2990000000000002,0.6649553933495548,1.0000000000000002,0.0
0.3000000000000002,0.6682887266828882,1.0000000000000002,-3.3800123194143657e-15
0.3010000000000002,0.6716219965902956,0.9999429166666669,-0.015222222222225615
0.3020000000000002,0.6749548859421475,0.9997716666666668,-0.03044444444444785
0.3030000000000002,0.6782870141828883,0.9994862500000001,-0.04566666666667009
0.3040000000000002,0.6816180007569622,0.9990866666666668,-0.06088888888889232
0.3050000000000002,0.6849474651088141,0.9985729166666668,-0.07611111111111456
0.3060000000000002,0.6882750266828882,0.9979450000000001,-0.0913333333333368
0.3070000000000002,0.691600304923629,0.9972029166666667,-0.10655555555555904
0.3080000000000002,0.6949229192754808,0.9963466666666667,-0.12177777777778127
0.3090000000000002,0.6982424891828882,0.99537625,-0.1370000000000035
0.3100000000000002,0.7015586340902956,0.9942916666666666,-0.15222222222222573
0.3110000000000002,0.7048709734421476,0.9930929166666665,-0.16744444444444798
0.3120000000000002,0.7081791266828882,0.9917799999999999,-0.1826666666666702
0.3130000000000002,0.7114827132569622,0.9903529166666666,-0.19788888888889247
0.3140000000000002,0.7147813526088141,0.9888116666666665,-0.2131111111111147
0.3150000000000002,0.7180746641828882,0.9871562499999998,-0.22833333333333694
0.3160000000000002,0.721362267423629,0.9853866666666664,-0.24355555555555916
0.3170000000000002,0.7246437817754808,0.9835029166666664,-0.2587777777777814
0.3180000000000002,0.7279188266828883,0.9815049999999997,-0.27400000000000363
0.31900000000000023,0.7311870215902957,0.9793929166666664,-0.2892222222222259
0.32000000000000023,0.7344479859421476,0.9771666666666663,-0.3044444444444481
0.32100000000000023,0.7377013391828883,0.9748262499999997,-0.3196666666666703
0.32200000000000023,0.7409467007569623,0.9723716666666663,-0.33488888888889257
0.32300000000000023,0.7441836901088141,0.9698029166666663,-0.3501111111111148
0.32400000000000023,0.7474119266828883,0.9671199999999995,-0.365333333333337
0.32500000000000023,0.750631029923629,0.9643229166666661,-0.38055555555555926
0.32600000000000023,0.7538406192754808,0.9614116666666661,-0.3957777777777815
0.32700000000000023,0.7570403141828883,0.9583862499999994,-0.41100000000000375
0.32800000000000024,0.7602297340902957,0.9552466666666661,-0.426222222222226
0.32900000000000024,0.7634084984421475,0.9519929166666661,-0.44144444444444825
0.33000000000000024,0.7665762266828883,0.9486249999999994,-0.4566666666666705
0.33100000000000024,0.7697325382569624,0.945142916666666,-0.47188888888889274
0.33200000000000024,0.7728770526088141,0.941546666666666,-0.48711111111111494
0.33300000000000024,0.7760093891828883,0.9378362499999993,-0.5023333333333372
0.33400000000000024,0.7791291674236289,0.9340116666666659,-0.5175555555555594
0.33500000000000024,0.7822360067754808,0.9300729166666659,-0.5327777777777817
0.33600000000000024,0.7853295266828882,0.9260199999999992,-0.5480000000000038
0.33700000000000024,0.7884093465902957,0.9218529166666658,-0.5632222222222262
0.33800000000000024,0.7914750859421475,0.9175716666666658,-0.5784444444444484
0.33900000000000025,0.7945263641828882,0.913176249999999,-0.5936666666666707
0.34000000000000025,0.7975628007569623,0.9086666666666657,-0.6088888888888929
0.34100000000000025,0.8005840151088142,0.9040429166666657,-0.6241111111111152
0.34200000000000025,0.8035896266828882,0.8993049999999989,-0.6393333333333373
0.34300000000000025,0.8065792549236289,0.8944529166666656,-0.6545555555555596
0.34400000000000025,0.8095525192754809,0.8894866666666655,-0.6697777777777818
0.34500000000000025,0.8125090391828882,0.8844062499999988,-0.685000000000004
0.34600000000000025,0.8154484340902957,0.8792116666666655,-0.7002222222222263
0.34700000000000025,0.8183703234421474,0.8739029166666654,-0.7154444444444485
0.34800000000000025,0.8212743266828882,0.8684799999999988,-0.7306666666666708
0.34900000000000025,0.8241600632569623,0.8629429166666653,-0.7458888888888929
0.35000000000000026,0.8270271526088141,0.8572916666666653,-0.7611111111111152
0.35100000000000026,0.8298752141828882,0.8515262499999987,-0.7763333333333374
0.35200000000000026,0.832703867423629,0.8456466666666653,-0.7915555555555597
0.35300000000000026,0.8355127317754809,0.8396529166666653,-0.8067777777777819
0.35400000000000026,0.8383014266828883,0.8335449999999985,-0.8220000000000042
0.35500000000000026,0.8410695715902957,0.8273229166666651,-0.8372222222222264
0.35600000000000026,0.8438167859421475,0.8209866666666652,-0.8524444444444487
0.35700000000000026,0.8465426891828883,0.8145362499999984,-0.8676666666666708
0.35800000000000026,0.8492469007569624,0.8079716666666651,-0.882888888888893
0.35900000000000026,0.8519290401088142,0.801292916666665,-0.8981111111111153
0.36000000000000026,0.8545887266828882,0.7944999999999983,-0.9133333333333375
0.36100000000000027,0.8572255799236289,0.787592916666665,-0.9285555555555598
0.36200000000000027,0.8598392192754808,0.7805716666666649,-0.943777777777782
0.36300000000000027,0.8624292641828883,0.7734362499999983,-0.9590000000000043
0.36400000000000027,0.8649953340902957,0.7661866666666648,-0.9742222222222264
0.36500000000000027,0.8675370484421474,0.7588229166666648,-0.9894444444444487
0.36600000000000027,0.8700540285103697,0.7513503649635015,-1.0000000000000002
0.36700000000000027,0.8725460297269146,0.7438503649635015,-1.0000000000000002
0.36800000000000027,0.8750130309434597,0.7363503649635015,-1.0000000000000002
0.36900000000000027,0.8774550321600046,0.7288503649635015,-1.0000000000000002
0.3700000000000003,0.8798720333765497,0.7213503649635015,-1.0000000000000002
0.3710000000000003,0.8822640345930948,0.7138503649635015,-1.0000000000000002
0.3720000000000003,0.8846310358096398,0.7063503649635015,-1.0000000000000002
0.3730000000000003,0.8869730370261847,0.6988503649635015,-1.0000000000000002
0.3740000000000003,0.8892900382427298,0.6913503649635014,-1.0000000000000002
0.3750000000000003,0.8915820394592748,0.6838503649635015,-1.0000000000000002
0.3760000000000003,0.8938490406758198,0.6763503649635014,-1.0000000000000002
0.3770000000000003,0.8960910418923648,0.6688503649635015,-1.0000000000000002
0.3780000000000003,0.8983080431089099,0.6613503649635014,-1.0000000000000002
0.3790000000000003,0.9005000443254548,0.6538503649635015,-1.0000000000000002
0.3800000000000003,0.9026670455419998,0.6463503649635014,-1.0000000000000002
0.3810000000000003,0.9048090467585448,0.6388503649635014,-1.0000000000000002
0.3820000000000003,0.9069260479750898,0.6313503649635014,-1.0000000000000002
0.3830000000000003,0.9090180491916349,0.6238503649635014,-1.0000000000000002
0.3840000000000003,0.9110850504081799,0.6163503649635014,-1.0000000000000002
0.3850000000000003,0.9131270516247247,0.6088503649635013,-1.0000000000000002
0.3860000000000003,0.9151440528412699,0.6013503649635014,-1.0000000000000002
0.3870000000000003,0.9171360540578148,0.5938503649635014,-1.0000000000000002
0.3880000000000003,0.91910305527436,0.5863503649635013,-1.0000000000000002
0.3890000000000003,0.921045056490905,0.5788503649635013,-1.0000000000000002
0.3900000000000003,0.9229620577074499,0.5713503649635013,-1.0000000000000002
0.3910000000000003,0.924854058923995,0.5638503649635014,-1.0000000000000002
0.3920000000000003,0.92672106014054,0.5563503649635013,-1.0000000000000002
0.3930000000000003,0.9285630613570849,0.5488503649635013,-1.0000000000000002
0.3940000000000003,0.9303800625736299,0.5413503649635013,-1.0000000000000002
0.3950000000000003,0.9321720637901748,0.5338503649635014,-1.0000000000000002
0.3960000000000003,0.93393906500672,0.5263503649635013,-1.0000000000000002
0.3970000000000003,0.935681066223265,0.5188503649635012,-1.0000000000000002
0.3980000000000003,0.9373980674398099,0.5113503649635013,-1.0000000000000002
0.3990000000000003,0.9390900686563549,0.5038503649635013,-1.0000000000000002
0.4000000000000003,0.9407570698729,0.49635036496350127,-1.0000000000000002
0.4010000000000003,0.942399071089445,0.48885036496350126,-1.0000000000000002
0.4020000000000003,0.9440160723059898,0.48135036496350125,-1.0000000000000002
0.4030000000000003,0.945608073522535,0.47385036496350125,-1.0000000000000002
0.4040000000000003,0.9471750747390799,0.46635036496350124,-1.0000000000000002
0.4050000000000003,0.948717075955625,0.45885036496350123,-1.0000000000000002
0.4060000000000003,0.95023407717217,0.4513503649635012,-1.0000000000000002
0.4070000000000003,0.9517260783887149,0.4438503649635012,-1.0000000000000002
0.4080000000000003,0.95319307960526,0.4363503649635012,-1.0000000000000002
0.4090000000000003,0.954635080821805,0.4288503649635012,-1.0000000000000002
0.4100000000000003,0.95605208203835,0.4213503649635012,-1.0000000000000002
0.4110000000000003,0.9574440832548949,0.4138503649635012,-1.0000000000000002
0.4120000000000003,0.95881108447144,0.4063503649635012,-1.0000000000000002
0.4130000000000003,0.960153085687985,0.3988503649635012,-1.0000000000000002
0.4140000000000003,0.9614700869045301,0.3913503649635012,-1.0000000000000002
0.4150000000000003,0.9627620881210751,0.38385036496350117,-1.0000000000000002
0.4160000000000003,0.9640290893376201,0.37635036496350116,-1.0000000000000002
0.4170000000000003,0.965271090554165,0.36885036496350115,-1.0000000000000002
0.4180000000000003,0.9664880917707099,0.36135036496350115,-1.0000000000000002
0.4190000000000003,0.967680092987255,0.35385036496350114,-1.0000000000000002
0.4200000000000003,0.9688470942038001,0.34635036496350113,-1.0000000000000002
0.4210000000000003,0.969989095420345,0.3388503649635011,-1.0000000000000002
0.4220000000000003,0.9711060966368901,0.3313503649635011,-1.0000000000000002
0.4230000000000003,0.972198097853435,0.3238503649635011,-1.0000000000000002
0.4240000000000003,0.97326509906998,0.3163503649635011,-1.0000000000000002
0.4250000000000003,0.974307100286525,0.3088503649635011,-1.0000000000000002
0.4260000000000003,0.97532410150307,0.3013503649635011,-1.0000000000000002
0.4270000000000003,0.9763161027196151,0.2938503649635011,-1.0000000000000002
0.4280000000000003,0.97728310393616,0.2863503649635011,-1.0000000000000002
0.4290000000000003,0.9782251051527051,0.278850364963501,-1.0000000000000002
0.4300000000000003,0.97914210636925,0.271350364963501,-1.0000000000000002
0.4310000000000003,0.9800341075857951,0.263850364963501,-1.0000000000000002
0.43200000000000033,0.98090110880234,0.256350364963501,-1.0000000000000002
0.43300000000000033,0.981743110018885,0.248850364963501,-1.0000000000000002
0.43400000000000033,0.9825601300282971,0.24137573533387133,-0.9898518518518463
0.43500000000000033,0.9833524060905212,0.2340089297783158,-0.9746296296296241
0.43600000000000033,0.9841203164120044,0.22675629088942695,-0.9594074074074019
0.43700000000000033,0.9848642415483024,0.21961781866720476,-0.9441851851851797
0.43800000000000033,0.985584562054971,0.21259351311164926,-0.9289629629629574
0.43900000000000033,0.9862816584875654,0.2056833742227604,-0.9137407407407352
0.44000000000000034,0.9869559114016412,0.1988874020005382,-0.8985185185185129
0.44100000000000034,0.987607701352754,0.1922055964449827,-0.8832962962962907
0.44200000000000034,0.9882374088964596,0.18563795755609383,-0.8680740740740683
0.44300000000000034,0.9888454145883132,0.17918448533387166,-0.8528518518518463
0.44400000000000034,0.9894320989838706,0.17284517977831612,-0.837629629629624
0.44500000000000034,0.9899978426386873,0.16662004088942728,-0.8224074074074018
0.44600000000000034,0.9905430261083187,0.1605090686672051,-0.8071851851851795
0.44700000000000034,0.9910680299483204,0.15451226311164956,-0.7919629629629573
0.44800000000000034,0.9915732347142481,0.14862962422276071,-0.776740740740735
0.44900000000000034,0.9920590209616574,0.14286115200053856,-0.7615185185185127
0.45000000000000034,0.9925257692461036,0.13720684644498302,-0.7462962962962905
0.45100000000000035,0.9929738601231424,0.13166670755609416,-0.7310740740740684
0.45200000000000035,0.9934036741483293,0.12624073533387198,-0.7158518518518461
0.45300000000000035,0.9938155918772201,0.12092892977831649,-0.7006296296296238
0.45400000000000035,0.99420999386537,0.11573129088942763,-0.6854074074074016
0.45500000000000035,0.9945872606683348,0.11064781866720544,-0.6701851851851793
0.45600000000000035,0.9949477728416699,0.10567851311164991,-0.6549629629629571
0.45700000000000035,0.9952919109409311,0.10082337422276108,-0.6397407407407348
0.45800000000000035,0.9956200555216734,0.09608240200053891,-0.6245185185185126
0.45900000000000035,0.9959325871394531,0.09145559644498338,-0.6092962962962905
0.46000000000000035,0.9962298863498252,0.08694295755609452,-0.5940740740740682
0.46100000000000035,0.9965123337083456,0.08254448533387235,-0.578851851851846
0.46200000000000035,0.9967803097705696,0.07826017977831684,-0.5636296296296237
0.46300000000000036,0.9970341950920529,0.07409004088942797,-0.5484074074074015
0.46400000000000036,0.997274370228351,0.0700340686672058,-0.5331851851851792
0.46500000000000036,0.9975012157350194,0.06609226311165028,-0.517962962962957
0.46600000000000036,0.9977151121676139,0.06226462422276144,-0.5027407407407348
0.46700000000000036,0.9979164400816897,0.05855115200053926,-0.4875185185185125
0.46800000000000036,0.9981055800328026,0.054951846444983715,-0.47229629629629033
0.46900000000000036,0.998282912576508,0.05146670755609489,-0.4570740740740681
0.47000000000000036,0.9984488182683617,0.048095735333872736,-0.44185185185184583
0.47100000000000036,0.998603677663919,0.04483892977831719,-0.4266296296296236
0.47200000000000036,0.9987478713187358,0.041696290889428334,-0.4114074074074014
0.47300000000000036,0.9988817797883672,0.03866781866720617,-0.39618518518517915
0.47400000000000037,0.9990057836283689,0.035753513111650675,-0.3809629629629569
0.47500000000000037,0.9991202633942966,0.032953374222761816,-0.36574074074073465
0.47600000000000037,0.9992255996417059,0.030267402000539623,-0.35051851851851246
0.47700000000000037,0.999322172926152,0.027695596444984122,-0.3352962962962902
0.47800000000000037,0.9994103638031909,0.025237957556095286,-0.32007407407406796
0.47900000000000037,0.9994905528283778,0.022894485333873088,-0.30485185185184577
0.48000000000000037,0.9995631205572686,0.020665179778317555,-0.2896296296296235
0.48100000000000037,0.9996284475454186,0.018550040889428743,-0.27440740740740127
0.4820000000000004,0.9996869143483833,0.016549068667206596,-0.2591851851851789
0.4830000000000004,0.9997389015217184,0.014662263111651058,-0.2439629629629567
0.4840000000000004,0.9997847896209796,0.012889624222762242,-0.22874074074073444
0.4850000000000004,0.9998249592017221,0.011231152000540062,-0.21351851851851222
0.4860000000000004,0.9998597908195016,0.009686846444984548,-0.19829629629629
0.4870000000000004,0.9998896650298739,0.008256707556095672,-0.18307407407406776
0.4880000000000004,0.9999149623883941,0.006940735333873516,-0.16785185185184553
0.4890000000000004,0.9999360634506181,0.005738929778318025,-0.1526296296296233
0.4900000000000004,0.9999533487721015,0.004651290889429172,-0.13740740740740107
0.4910000000000004,0.9999671989083996,0.0036778186672069557,-0.12218518518517882
0.4920000000000004,0.999977994415068,0.0028185131116514883,-0.10696296296295658
0.4930000000000004,0.9999861158476624,0.0020733742227626584,-0.09174074074073436
0.4940000000000004,0.9999919437617383,0.0014424020005404659,-0.07651851851851213
0.4950000000000004,0.9999958587128512,0.0009255964449849663,-0.06129629629628989
0.4960000000000004,0.9999982412565567,0.0005229575560961042,-0.046074074074067654
0.4970000000000004,0.9999994719484103,0.000234485333873935,-0.030851851851845424
0.4980000000000004,0.9999999313439677,6.017977831843102e-05,-0.01562962962962319
0.4990000000000004,0.9999999999987843,4.088942959223907e-08,-0.0004074074074009578
0.5000000000000003,1.0000000000000004,2.7755575615628914e-17,0.0
